players,turns,map,seed,player,final_ir,next_ir,blocker_source,blocker_reason,blocker_detail,blocker_turn,techs_count,cities
4,1500,archipelago,1,0,0,1,diag,good,79,1035,44,9
4,1500,archipelago,1,0,0,2,proxy,tech,47,-1,44,9
4,1500,archipelago,1,0,0,3,proxy,good,75,-1,44,9
4,1500,archipelago,1,0,0,4,proxy,good,108,-1,44,9
4,1500,archipelago,1,0,0,5,proxy,tech,64,-1,44,9
4,1500,archipelago,1,1,0,1,diag,good,79,1035,37,11
4,1500,archipelago,1,1,0,2,proxy,tech,47,-1,37,11
4,1500,archipelago,1,1,0,3,proxy,good,75,-1,37,11
4,1500,archipelago,1,1,0,4,proxy,good,108,-1,37,11
4,1500,archipelago,1,1,0,5,proxy,tech,64,-1,37,11
4,1500,archipelago,1,2,0,1,diag,good,79,1035,38,5
4,1500,archipelago,1,2,0,2,proxy,tech,47,-1,38,5
4,1500,archipelago,1,2,0,3,proxy,good,75,-1,38,5
4,1500,archipelago,1,2,0,4,proxy,good,108,-1,38,5
4,1500,archipelago,1,2,0,5,proxy,tech,64,-1,38,5
4,1500,archipelago,1,3,0,1,diag,good,79,1035,35,8
4,1500,archipelago,1,3,0,2,proxy,tech,47,-1,35,8
4,1500,archipelago,1,3,0,3,proxy,good,75,-1,35,8
4,1500,archipelago,1,3,0,4,proxy,good,108,-1,35,8
4,1500,archipelago,1,3,0,5,proxy,tech,64,-1,35,8
4,1500,archipelago,2,0,0,1,diag,good,79,1029,37,9
4,1500,archipelago,2,0,0,2,proxy,tech,47,-1,37,9
4,1500,archipelago,2,0,0,3,proxy,good,75,-1,37,9
4,1500,archipelago,2,0,0,4,proxy,good,108,-1,37,9
4,1500,archipelago,2,0,0,5,proxy,tech,64,-1,37,9
4,1500,archipelago,2,1,0,1,diag,good,79,1029,25,10
4,1500,archipelago,2,1,0,2,proxy,tech,47,-1,25,10
4,1500,archipelago,2,1,0,3,proxy,good,75,-1,25,10
4,1500,archipelago,2,1,0,4,proxy,tech,27,-1,25,10
4,1500,archipelago,2,1,0,5,proxy,tech,64,-1,25,10
4,1500,archipelago,2,2,0,1,diag,good,79,1029,34,10
4,1500,archipelago,2,2,0,2,proxy,tech,47,-1,34,10
4,1500,archipelago,2,2,0,3,proxy,good,75,-1,34,10
4,1500,archipelago,2,2,0,4,proxy,good,108,-1,34,10
4,1500,archipelago,2,2,0,5,proxy,tech,64,-1,34,10
4,1500,archipelago,2,3,0,1,diag,good,79,1029,37,8
4,1500,archipelago,2,3,0,2,proxy,tech,47,-1,37,8
4,1500,archipelago,2,3,0,3,proxy,good,75,-1,37,8
4,1500,archipelago,2,3,0,4,proxy,good,108,-1,37,8
4,1500,archipelago,2,3,0,5,proxy,tech,64,-1,37,8
4,1500,archipelago,3,0,0,1,diag,good,79,1495,28,6
4,1500,archipelago,3,0,0,2,proxy,tech,47,-1,28,6
4,1500,archipelago,3,0,0,3,proxy,good,75,-1,28,6
4,1500,archipelago,3,0,0,4,proxy,good,108,-1,28,6
4,1500,archipelago,3,0,0,5,proxy,tech,64,-1,28,6
4,1500,archipelago,3,1,0,1,diag,good,79,1495,36,9
4,1500,archipelago,3,1,0,2,proxy,tech,47,-1,36,9
4,1500,archipelago,3,1,0,3,proxy,good,75,-1,36,9
4,1500,archipelago,3,1,0,4,proxy,good,108,-1,36,9
4,1500,archipelago,3,1,0,5,proxy,tech,64,-1,36,9
4,1500,archipelago,3,2,0,1,diag,good,79,1495,41,8
4,1500,archipelago,3,2,0,2,proxy,tech,47,-1,41,8
4,1500,archipelago,3,2,0,3,proxy,good,75,-1,41,8
4,1500,archipelago,3,2,0,4,proxy,good,108,-1,41,8
4,1500,archipelago,3,2,0,5,proxy,tech,64,-1,41,8
4,1500,archipelago,3,3,0,1,diag,good,79,1495,25,11
4,1500,archipelago,3,3,0,2,proxy,tech,47,-1,25,11
4,1500,archipelago,3,3,0,3,proxy,good,75,-1,25,11
4,1500,archipelago,3,3,0,4,proxy,tech,27,-1,25,11
4,1500,archipelago,3,3,0,5,proxy,tech,64,-1,25,11
4,1500,archipelago,4,0,0,1,diag,good,79,1485,28,13
4,1500,archipelago,4,0,0,2,proxy,tech,47,-1,28,13
4,1500,archipelago,4,0,0,3,proxy,good,75,-1,28,13
4,1500,archipelago,4,0,0,4,proxy,good,108,-1,28,13
4,1500,archipelago,4,0,0,5,proxy,tech,64,-1,28,13
4,1500,archipelago,4,1,0,1,diag,good,79,1485,37,5
4,1500,archipelago,4,1,0,2,proxy,tech,47,-1,37,5
4,1500,archipelago,4,1,0,3,proxy,good,75,-1,37,5
4,1500,archipelago,4,1,0,4,proxy,good,108,-1,37,5
4,1500,archipelago,4,1,0,5,proxy,tech,64,-1,37,5
4,1500,archipelago,4,2,0,1,diag,good,79,1485,35,10
4,1500,archipelago,4,2,0,2,proxy,tech,47,-1,35,10
4,1500,archipelago,4,2,0,3,proxy,good,75,-1,35,10
4,1500,archipelago,4,2,0,4,proxy,good,108,-1,35,10
4,1500,archipelago,4,2,0,5,proxy,tech,64,-1,35,10
4,1500,archipelago,4,3,0,1,diag,good,79,1485,39,11
4,1500,archipelago,4,3,0,2,proxy,tech,47,-1,39,11
4,1500,archipelago,4,3,0,3,proxy,good,75,-1,39,11
4,1500,archipelago,4,3,0,4,proxy,good,108,-1,39,11
4,1500,archipelago,4,3,0,5,proxy,tech,64,-1,39,11
4,1500,archipelago,5,0,0,1,diag,good,79,1019,29,9
4,1500,archipelago,5,0,0,2,proxy,tech,47,-1,29,9
4,1500,archipelago,5,0,0,3,proxy,good,75,-1,29,9
4,1500,archipelago,5,0,0,4,proxy,good,108,-1,29,9
4,1500,archipelago,5,0,0,5,proxy,tech,64,-1,29,9
4,1500,archipelago,5,1,0,1,diag,good,79,1019,21,9
4,1500,archipelago,5,1,0,2,proxy,tech,47,-1,21,9
4,1500,archipelago,5,1,0,3,proxy,tech,23,-1,21,9
4,1500,archipelago,5,1,0,4,proxy,tech,27,-1,21,9
4,1500,archipelago,5,1,0,5,proxy,tech,64,-1,21,9
4,1500,archipelago,5,2,0,1,diag,good,79,1019,37,9
4,1500,archipelago,5,2,0,2,proxy,tech,47,-1,37,9
4,1500,archipelago,5,2,0,3,proxy,good,75,-1,37,9
4,1500,archipelago,5,2,0,4,proxy,good,108,-1,37,9
4,1500,archipelago,5,2,0,5,proxy,tech,64,-1,37,9
4,1500,archipelago,5,3,0,1,diag,good,79,1019,41,9
4,1500,archipelago,5,3,0,2,proxy,tech,47,-1,41,9
4,1500,archipelago,5,3,0,3,proxy,good,75,-1,41,9
4,1500,archipelago,5,3,0,4,proxy,good,108,-1,41,9
4,1500,archipelago,5,3,0,5,proxy,tech,64,-1,41,9
4,1500,continents,1,0,0,1,diag,good,79,1488,48,11
4,1500,continents,1,0,0,2,proxy,good,3,-1,48,11
4,1500,continents,1,0,0,3,proxy,good,75,-1,48,11
4,1500,continents,1,0,0,4,proxy,good,108,-1,48,11
4,1500,continents,1,0,0,5,proxy,tech,64,-1,48,11
4,1500,continents,1,1,0,1,diag,good,79,1488,41,9
4,1500,continents,1,1,0,2,proxy,tech,47,-1,41,9
4,1500,continents,1,1,0,3,proxy,good,75,-1,41,9
4,1500,continents,1,1,0,4,proxy,good,108,-1,41,9
4,1500,continents,1,1,0,5,proxy,tech,64,-1,41,9
4,1500,continents,1,2,0,1,diag,good,79,1488,41,8
4,1500,continents,1,2,0,2,proxy,tech,47,-1,41,8
4,1500,continents,1,2,0,3,proxy,good,75,-1,41,8
4,1500,continents,1,2,0,4,proxy,good,108,-1,41,8
4,1500,continents,1,2,0,5,proxy,tech,64,-1,41,8
4,1500,continents,1,3,0,1,diag,good,79,1488,40,10
4,1500,continents,1,3,0,2,proxy,tech,47,-1,40,10
4,1500,continents,1,3,0,3,proxy,good,75,-1,40,10
4,1500,continents,1,3,0,4,proxy,good,108,-1,40,10
4,1500,continents,1,3,0,5,proxy,tech,64,-1,40,10
4,1500,continents,2,0,0,1,diag,good,79,1481,41,11
4,1500,continents,2,0,0,2,diag,tech,22,776,41,11
4,1500,continents,2,0,0,3,diag,good,75,1411,41,11
4,1500,continents,2,0,0,4,proxy,good,108,-1,41,11
4,1500,continents,2,0,0,5,proxy,tech,64,-1,41,11
4,1500,continents,2,1,0,1,diag,good,79,1481,28,11
4,1500,continents,2,1,0,2,diag,tech,22,776,28,11
4,1500,continents,2,1,0,3,diag,good,75,1411,28,11
4,1500,continents,2,1,0,4,proxy,good,108,-1,28,11
4,1500,continents,2,1,0,5,proxy,tech,64,-1,28,11
4,1500,continents,2,2,0,1,diag,good,79,1481,38,8
4,1500,continents,2,2,0,2,diag,tech,22,776,38,8
4,1500,continents,2,2,0,3,diag,good,75,1411,38,8
4,1500,continents,2,2,0,4,proxy,good,108,-1,38,8
4,1500,continents,2,2,0,5,proxy,tech,64,-1,38,8
4,1500,continents,2,3,2,3,diag,good,75,1411,46,14
4,1500,continents,2,3,2,4,proxy,good,108,-1,46,14
4,1500,continents,2,3,2,5,proxy,tech,64,-1,46,14
4,1500,continents,3,0,0,1,diag,good,79,1493,44,7
4,1500,continents,3,0,0,2,proxy,tech,47,-1,44,7
4,1500,continents,3,0,0,3,proxy,good,75,-1,44,7
4,1500,continents,3,0,0,4,proxy,good,108,-1,44,7
4,1500,continents,3,0,0,5,proxy,tech,64,-1,44,7
4,1500,continents,3,1,0,1,diag,good,79,1493,40,5
4,1500,continents,3,1,0,2,proxy,tech,47,-1,40,5
4,1500,continents,3,1,0,3,proxy,good,75,-1,40,5
4,1500,continents,3,1,0,4,proxy,good,108,-1,40,5
4,1500,continents,3,1,0,5,proxy,tech,64,-1,40,5
4,1500,continents,3,2,0,1,diag,good,79,1493,39,13
4,1500,continents,3,2,0,2,proxy,tech,47,-1,39,13
4,1500,continents,3,2,0,3,proxy,good,75,-1,39,13
4,1500,continents,3,2,0,4,proxy,good,108,-1,39,13
4,1500,continents,3,2,0,5,proxy,tech,64,-1,39,13
4,1500,continents,3,3,0,1,diag,good,79,1493,42,14
4,1500,continents,3,3,0,2,proxy,tech,47,-1,42,14
4,1500,continents,3,3,0,3,proxy,good,75,-1,42,14
4,1500,continents,3,3,0,4,proxy,good,108,-1,42,14
4,1500,continents,3,3,0,5,proxy,tech,64,-1,42,14
4,1500,continents,4,0,0,1,diag,good,79,1493,39,7
4,1500,continents,4,0,0,2,proxy,tech,47,-1,39,7
4,1500,continents,4,0,0,3,proxy,good,75,-1,39,7
4,1500,continents,4,0,0,4,proxy,good,108,-1,39,7
4,1500,continents,4,0,0,5,proxy,tech,64,-1,39,7
4,1500,continents,4,1,0,1,diag,good,79,1493,27,9
4,1500,continents,4,1,0,2,proxy,tech,47,-1,27,9
4,1500,continents,4,1,0,3,proxy,good,75,-1,27,9
4,1500,continents,4,1,0,4,proxy,good,108,-1,27,9
4,1500,continents,4,1,0,5,proxy,tech,64,-1,27,9
4,1500,continents,4,2,0,1,diag,good,79,1493,45,7
4,1500,continents,4,2,0,2,proxy,tech,47,-1,45,7
4,1500,continents,4,2,0,3,proxy,good,75,-1,45,7
4,1500,continents,4,2,0,4,proxy,good,108,-1,45,7
4,1500,continents,4,2,0,5,proxy,tech,64,-1,45,7
4,1500,continents,4,3,0,1,diag,good,79,1493,37,0
4,1500,continents,4,3,0,2,proxy,tech,47,-1,37,0
4,1500,continents,4,3,0,3,proxy,cityCount,0,-1,37,0
4,1500,continents,4,3,0,4,proxy,cityCount,0,-1,37,0
4,1500,continents,4,3,0,5,proxy,tech,64,-1,37,0
4,1500,continents,5,0,0,1,diag,good,79,1492,49,15
4,1500,continents,5,0,0,2,proxy,good,3,-1,49,15
4,1500,continents,5,0,0,3,proxy,good,75,-1,49,15
4,1500,continents,5,0,0,4,proxy,good,108,-1,49,15
4,1500,continents,5,0,0,5,proxy,tech,64,-1,49,15
4,1500,continents,5,1,0,1,diag,good,79,1492,45,11
4,1500,continents,5,1,0,2,proxy,tech,47,-1,45,11
4,1500,continents,5,1,0,3,proxy,good,75,-1,45,11
4,1500,continents,5,1,0,4,proxy,good,108,-1,45,11
4,1500,continents,5,1,0,5,proxy,tech,64,-1,45,11
4,1500,continents,5,2,0,1,diag,good,79,1492,40,9
4,1500,continents,5,2,0,2,proxy,tech,47,-1,40,9
4,1500,continents,5,2,0,3,proxy,good,75,-1,40,9
4,1500,continents,5,2,0,4,proxy,good,108,-1,40,9
4,1500,continents,5,2,0,5,proxy,tech,64,-1,40,9
4,1500,continents,5,3,0,1,diag,good,79,1492,44,6
4,1500,continents,5,3,0,2,proxy,tech,47,-1,44,6
4,1500,continents,5,3,0,3,proxy,good,75,-1,44,6
4,1500,continents,5,3,0,4,proxy,good,108,-1,44,6
4,1500,continents,5,3,0,5,proxy,tech,64,-1,44,6
4,1500,islands,1,0,3,4,diag,good,108,1014,50,20
4,1500,islands,1,0,3,5,proxy,tech,64,-1,50,20
4,1500,islands,1,1,2,3,diag,good,75,1012,43,12
4,1500,islands,1,1,2,4,diag,good,108,1014,43,12
4,1500,islands,1,1,2,5,proxy,tech,64,-1,43,12
4,1500,islands,1,2,2,3,diag,good,75,1012,27,16
4,1500,islands,1,2,2,4,diag,good,108,1014,27,16
4,1500,islands,1,2,2,5,proxy,tech,64,-1,27,16
4,1500,islands,1,3,0,1,diag,good,79,1029,36,14
4,1500,islands,1,3,0,2,diag,good,3,717,36,14
4,1500,islands,1,3,0,3,diag,good,75,1012,36,14
4,1500,islands,1,3,0,4,diag,good,108,1014,36,14
4,1500,islands,1,3,0,5,proxy,tech,64,-1,36,14
4,1500,islands,2,0,2,3,diag,good,75,1497,54,13
4,1500,islands,2,0,2,4,proxy,good,108,-1,54,13
4,1500,islands,2,0,2,5,proxy,tech,64,-1,54,13
4,1500,islands,2,1,2,3,diag,good,75,1497,51,18
4,1500,islands,2,1,2,4,proxy,good,108,-1,51,18
4,1500,islands,2,1,2,5,proxy,tech,64,-1,51,18
4,1500,islands,2,2,0,1,diag,good,79,1497,41,14
4,1500,islands,2,2,0,2,diag,good,64,1460,41,14
4,1500,islands,2,2,0,3,diag,good,75,1497,41,14
4,1500,islands,2,2,0,4,proxy,good,108,-1,41,14
4,1500,islands,2,2,0,5,proxy,tech,64,-1,41,14
4,1500,islands,2,3,1,2,diag,good,64,1460,45,16
4,1500,islands,2,3,1,3,diag,good,75,1497,45,16
4,1500,islands,2,3,1,4,proxy,good,108,-1,45,16
4,1500,islands,2,3,1,5,proxy,tech,64,-1,45,16
4,1500,islands,3,0,2,3,diag,good,75,682,39,21
4,1500,islands,3,0,2,4,proxy,good,108,-1,39,21
4,1500,islands,3,0,2,5,proxy,tech,64,-1,39,21
4,1500,islands,3,1,0,1,diag,good,79,653,33,12
4,1500,islands,3,1,0,2,diag,tech,22,493,33,12
4,1500,islands,3,1,0,3,diag,good,75,682,33,12
4,1500,islands,3,1,0,4,proxy,good,108,-1,33,12
4,1500,islands,3,1,0,5,proxy,tech,64,-1,33,12
4,1500,islands,3,2,2,3,diag,good,75,682,33,11
4,1500,islands,3,2,2,4,proxy,good,108,-1,33,11
4,1500,islands,3,2,2,5,proxy,tech,64,-1,33,11
4,1500,islands,3,3,0,1,diag,good,79,653,27,10
4,1500,islands,3,3,0,2,diag,tech,22,493,27,10
4,1500,islands,3,3,0,3,diag,good,75,682,27,10
4,1500,islands,3,3,0,4,proxy,good,108,-1,27,10
4,1500,islands,3,3,0,5,proxy,tech,64,-1,27,10
4,1500,islands,4,0,0,1,diag,good,79,1033,33,10
4,1500,islands,4,0,0,2,diag,good,64,1019,33,10
4,1500,islands,4,0,0,3,diag,good,75,1002,33,10
4,1500,islands,4,0,0,4,proxy,good,108,-1,33,10
4,1500,islands,4,0,0,5,proxy,tech,64,-1,33,10
4,1500,islands,4,1,1,2,diag,good,64,1019,42,11
4,1500,islands,4,1,1,3,diag,good,75,1002,42,11
4,1500,islands,4,1,1,4,proxy,good,108,-1,42,11
4,1500,islands,4,1,1,5,proxy,tech,64,-1,42,11
4,1500,islands,4,2,0,1,diag,good,79,1033,49,6
4,1500,islands,4,2,0,2,diag,good,64,1019,49,6
4,1500,islands,4,2,0,3,diag,good,75,1002,49,6
4,1500,islands,4,2,0,4,proxy,good,108,-1,49,6
4,1500,islands,4,2,0,5,proxy,tech,64,-1,49,6
4,1500,islands,4,3,2,3,diag,good,75,1002,42,12
4,1500,islands,4,3,2,4,proxy,good,108,-1,42,12
4,1500,islands,4,3,2,5,proxy,tech,64,-1,42,12
4,1500,islands,5,0,0,1,diag,good,79,1483,37,12
4,1500,islands,5,0,0,2,proxy,tech,47,-1,37,12
4,1500,islands,5,0,0,3,proxy,good,75,-1,37,12
4,1500,islands,5,0,0,4,proxy,good,108,-1,37,12
4,1500,islands,5,0,0,5,proxy,tech,64,-1,37,12
4,1500,islands,5,1,0,1,diag,good,79,1483,37,11
4,1500,islands,5,1,0,2,proxy,tech,47,-1,37,11
4,1500,islands,5,1,0,3,proxy,good,75,-1,37,11
4,1500,islands,5,1,0,4,proxy,good,108,-1,37,11
4,1500,islands,5,1,0,5,proxy,tech,64,-1,37,11
4,1500,islands,5,2,0,1,diag,good,79,1483,39,12
4,1500,islands,5,2,0,2,proxy,tech,47,-1,39,12
4,1500,islands,5,2,0,3,proxy,good,75,-1,39,12
4,1500,islands,5,2,0,4,proxy,good,108,-1,39,12
4,1500,islands,5,2,0,5,proxy,tech,64,-1,39,12
4,1500,islands,5,3,0,1,diag,good,79,1483,39,11
4,1500,islands,5,3,0,2,proxy,tech,47,-1,39,11
4,1500,islands,5,3,0,3,proxy,good,75,-1,39,11
4,1500,islands,5,3,0,4,proxy,good,108,-1,39,11
4,1500,islands,5,3,0,5,proxy,tech,64,-1,39,11
4,1500,pangaea,1,0,0,1,diag,tech,18,807,18,5
4,1500,pangaea,1,0,0,2,diag,good,3,731,18,5
4,1500,pangaea,1,0,0,3,diag,good,75,802,18,5
4,1500,pangaea,1,0,0,4,proxy,tech,27,-1,18,5
4,1500,pangaea,1,0,0,5,proxy,tech,64,-1,18,5
4,1500,pangaea,1,1,0,1,diag,tech,18,807,34,8
4,1500,pangaea,1,1,0,2,diag,good,3,731,34,8
4,1500,pangaea,1,1,0,3,diag,good,75,802,34,8
4,1500,pangaea,1,1,0,4,proxy,good,108,-1,34,8
4,1500,pangaea,1,1,0,5,proxy,tech,64,-1,34,8
4,1500,pangaea,1,2,0,1,diag,tech,18,807,18,6
4,1500,pangaea,1,2,0,2,diag,good,3,731,18,6
4,1500,pangaea,1,2,0,3,diag,good,75,802,18,6
4,1500,pangaea,1,2,0,4,proxy,tech,27,-1,18,6
4,1500,pangaea,1,2,0,5,proxy,tech,64,-1,18,6
4,1500,pangaea,1,3,2,3,diag,good,75,802,38,15
4,1500,pangaea,1,3,2,4,proxy,good,108,-1,38,15
4,1500,pangaea,1,3,2,5,proxy,tech,64,-1,38,15
4,1500,pangaea,2,0,0,1,diag,good,79,1032,37,5
4,1500,pangaea,2,0,0,2,diag,tech,22,1032,37,5
4,1500,pangaea,2,0,0,3,proxy,good,75,-1,37,5
4,1500,pangaea,2,0,0,4,proxy,good,108,-1,37,5
4,1500,pangaea,2,0,0,5,proxy,tech,64,-1,37,5
4,1500,pangaea,2,1,1,2,diag,tech,22,1032,38,11
4,1500,pangaea,2,1,1,3,proxy,good,75,-1,38,11
4,1500,pangaea,2,1,1,4,proxy,good,108,-1,38,11
4,1500,pangaea,2,1,1,5,proxy,tech,64,-1,38,11
4,1500,pangaea,2,2,1,2,diag,tech,22,1032,38,7
4,1500,pangaea,2,2,1,3,proxy,good,75,-1,38,7
4,1500,pangaea,2,2,1,4,proxy,good,108,-1,38,7
4,1500,pangaea,2,2,1,5,proxy,tech,64,-1,38,7
4,1500,pangaea,2,3,0,1,diag,good,79,1032,37,10
4,1500,pangaea,2,3,0,2,diag,tech,22,1032,37,10
4,1500,pangaea,2,3,0,3,proxy,good,75,-1,37,10
4,1500,pangaea,2,3,0,4,proxy,good,108,-1,37,10
4,1500,pangaea,2,3,0,5,proxy,tech,64,-1,37,10
4,1500,pangaea,3,0,0,1,diag,good,79,1499,40,15
4,1500,pangaea,3,0,0,2,proxy,tech,47,-1,40,15
4,1500,pangaea,3,0,0,3,proxy,good,75,-1,40,15
4,1500,pangaea,3,0,0,4,proxy,good,108,-1,40,15
4,1500,pangaea,3,0,0,5,proxy,tech,64,-1,40,15
4,1500,pangaea,3,1,0,1,diag,good,79,1499,40,11
4,1500,pangaea,3,1,0,2,proxy,tech,47,-1,40,11
4,1500,pangaea,3,1,0,3,proxy,good,75,-1,40,11
4,1500,pangaea,3,1,0,4,proxy,good,108,-1,40,11
4,1500,pangaea,3,1,0,5,proxy,tech,64,-1,40,11
4,1500,pangaea,3,2,0,1,diag,good,79,1499,35,9
4,1500,pangaea,3,2,0,2,proxy,tech,47,-1,35,9
4,1500,pangaea,3,2,0,3,proxy,good,75,-1,35,9
4,1500,pangaea,3,2,0,4,proxy,good,108,-1,35,9
4,1500,pangaea,3,2,0,5,proxy,tech,64,-1,35,9
4,1500,pangaea,3,3,0,1,diag,good,79,1499,42,10
4,1500,pangaea,3,3,0,2,proxy,tech,47,-1,42,10
4,1500,pangaea,3,3,0,3,proxy,good,75,-1,42,10
4,1500,pangaea,3,3,0,4,proxy,good,108,-1,42,10
4,1500,pangaea,3,3,0,5,proxy,tech,64,-1,42,10
4,1500,pangaea,4,0,0,1,diag,good,79,1292,47,10
4,1500,pangaea,4,0,0,2,diag,tech,22,775,47,10
4,1500,pangaea,4,0,0,3,diag,good,75,1318,47,10
4,1500,pangaea,4,0,0,4,proxy,good,108,-1,47,10
4,1500,pangaea,4,0,0,5,proxy,tech,64,-1,47,10
4,1500,pangaea,4,1,0,1,diag,good,79,1292,45,9
4,1500,pangaea,4,1,0,2,diag,tech,22,775,45,9
4,1500,pangaea,4,1,0,3,diag,good,75,1318,45,9
4,1500,pangaea,4,1,0,4,proxy,good,108,-1,45,9
4,1500,pangaea,4,1,0,5,proxy,tech,64,-1,45,9
4,1500,pangaea,4,2,2,3,diag,good,75,1318,46,8
4,1500,pangaea,4,2,2,4,proxy,good,108,-1,46,8
4,1500,pangaea,4,2,2,5,proxy,tech,64,-1,46,8
4,1500,pangaea,4,3,2,3,diag,good,75,1318,45,9
4,1500,pangaea,4,3,2,4,proxy,good,108,-1,45,9
4,1500,pangaea,4,3,2,5,proxy,tech,64,-1,45,9
4,1500,pangaea,5,0,0,1,diag,good,79,1035,49,9
4,1500,pangaea,5,0,0,2,proxy,good,3,-1,49,9
4,1500,pangaea,5,0,0,3,proxy,good,75,-1,49,9
4,1500,pangaea,5,0,0,4,proxy,good,108,-1,49,9
4,1500,pangaea,5,0,0,5,proxy,tech,64,-1,49,9
4,1500,pangaea,5,1,0,1,diag,good,79,1035,45,9
4,1500,pangaea,5,1,0,2,proxy,tech,47,-1,45,9
4,1500,pangaea,5,1,0,3,proxy,good,75,-1,45,9
4,1500,pangaea,5,1,0,4,proxy,good,108,-1,45,9
4,1500,pangaea,5,1,0,5,proxy,tech,64,-1,45,9
4,1500,pangaea,5,2,0,1,diag,good,79,1035,25,8
4,1500,pangaea,5,2,0,2,proxy,tech,47,-1,25,8
4,1500,pangaea,5,2,0,3,proxy,good,75,-1,25,8
4,1500,pangaea,5,2,0,4,proxy,tech,27,-1,25,8
4,1500,pangaea,5,2,0,5,proxy,tech,64,-1,25,8
4,1500,pangaea,5,3,0,1,diag,good,79,1035,44,7
4,1500,pangaea,5,3,0,2,proxy,tech,47,-1,44,7
4,1500,pangaea,5,3,0,3,proxy,good,75,-1,44,7
4,1500,pangaea,5,3,0,4,proxy,good,108,-1,44,7
4,1500,pangaea,5,3,0,5,proxy,tech,64,-1,44,7
8,1500,archipelago,1,0,0,1,diag,good,79,1494,43,9
8,1500,archipelago,1,0,0,2,diag,good,64,1491,43,9
8,1500,archipelago,1,0,0,3,proxy,good,75,-1,43,9
8,1500,archipelago,1,0,0,4,proxy,good,108,-1,43,9
8,1500,archipelago,1,0,0,5,proxy,tech,64,-1,43,9
8,1500,archipelago,1,1,0,1,diag,good,79,1494,42,7
8,1500,archipelago,1,1,0,2,diag,good,64,1491,42,7
8,1500,archipelago,1,1,0,3,proxy,good,75,-1,42,7
8,1500,archipelago,1,1,0,4,proxy,good,108,-1,42,7
8,1500,archipelago,1,1,0,5,proxy,tech,64,-1,42,7
8,1500,archipelago,1,2,1,2,diag,good,64,1491,45,9
8,1500,archipelago,1,2,1,3,proxy,good,75,-1,45,9
8,1500,archipelago,1,2,1,4,proxy,good,108,-1,45,9
8,1500,archipelago,1,2,1,5,proxy,tech,64,-1,45,9
8,1500,archipelago,1,3,0,1,diag,good,79,1494,36,10
8,1500,archipelago,1,3,0,2,diag,good,64,1491,36,10
8,1500,archipelago,1,3,0,3,proxy,good,75,-1,36,10
8,1500,archipelago,1,3,0,4,proxy,good,108,-1,36,10
8,1500,archipelago,1,3,0,5,proxy,tech,64,-1,36,10
8,1500,archipelago,1,4,0,1,diag,good,79,1494,41,15
8,1500,archipelago,1,4,0,2,diag,good,64,1491,41,15
8,1500,archipelago,1,4,0,3,proxy,good,75,-1,41,15
8,1500,archipelago,1,4,0,4,proxy,good,108,-1,41,15
8,1500,archipelago,1,4,0,5,proxy,tech,64,-1,41,15
8,1500,archipelago,1,5,0,1,diag,good,79,1494,42,6
8,1500,archipelago,1,5,0,2,diag,good,64,1491,42,6
8,1500,archipelago,1,5,0,3,proxy,good,75,-1,42,6
8,1500,archipelago,1,5,0,4,proxy,good,108,-1,42,6
8,1500,archipelago,1,5,0,5,proxy,tech,64,-1,42,6
8,1500,archipelago,1,6,0,1,diag,good,79,1494,36,7
8,1500,archipelago,1,6,0,2,diag,good,64,1491,36,7
8,1500,archipelago,1,6,0,3,proxy,good,75,-1,36,7
8,1500,archipelago,1,6,0,4,proxy,good,108,-1,36,7
8,1500,archipelago,1,6,0,5,proxy,tech,64,-1,36,7
8,1500,archipelago,1,7,0,1,diag,good,79,1494,28,7
8,1500,archipelago,1,7,0,2,diag,good,64,1491,28,7
8,1500,archipelago,1,7,0,3,proxy,good,75,-1,28,7
8,1500,archipelago,1,7,0,4,proxy,good,108,-1,28,7
8,1500,archipelago,1,7,0,5,proxy,tech,64,-1,28,7
8,1500,archipelago,2,0,1,2,diag,tech,22,1454,31,9
8,1500,archipelago,2,0,1,3,diag,good,75,1482,31,9
8,1500,archipelago,2,0,1,4,proxy,good,108,-1,31,9
8,1500,archipelago,2,0,1,5,proxy,tech,64,-1,31,9
8,1500,archipelago,2,1,0,1,diag,good,79,1494,47,12
8,1500,archipelago,2,1,0,2,diag,tech,22,1454,47,12
8,1500,archipelago,2,1,0,3,diag,good,75,1482,47,12
8,1500,archipelago,2,1,0,4,proxy,good,108,-1,47,12
8,1500,archipelago,2,1,0,5,proxy,tech,64,-1,47,12
8,1500,archipelago,2,2,0,1,diag,good,79,1494,44,10
8,1500,archipelago,2,2,0,2,diag,tech,22,1454,44,10
8,1500,archipelago,2,2,0,3,diag,good,75,1482,44,10
8,1500,archipelago,2,2,0,4,proxy,good,108,-1,44,10
8,1500,archipelago,2,2,0,5,proxy,tech,64,-1,44,10
8,1500,archipelago,2,3,0,1,diag,good,79,1494,23,7
8,1500,archipelago,2,3,0,2,diag,tech,22,1454,23,7
8,1500,archipelago,2,3,0,3,diag,good,75,1482,23,7
8,1500,archipelago,2,3,0,4,proxy,tech,27,-1,23,7
8,1500,archipelago,2,3,0,5,proxy,tech,64,-1,23,7
8,1500,archipelago,2,4,0,1,diag,good,79,1494,22,1
8,1500,archipelago,2,4,0,2,diag,tech,22,1454,22,1
8,1500,archipelago,2,4,0,3,diag,good,75,1482,22,1
8,1500,archipelago,2,4,0,4,proxy,tech,27,-1,22,1
8,1500,archipelago,2,4,0,5,proxy,tech,64,-1,22,1
8,1500,archipelago,2,5,2,3,diag,good,75,1482,29,10
8,1500,archipelago,2,5,2,4,proxy,good,108,-1,29,10
8,1500,archipelago,2,5,2,5,proxy,tech,64,-1,29,10
8,1500,archipelago,2,6,0,1,diag,good,79,1494,44,12
8,1500,archipelago,2,6,0,2,diag,tech,22,1454,44,12
8,1500,archipelago,2,6,0,3,diag,good,75,1482,44,12
8,1500,archipelago,2,6,0,4,proxy,good,108,-1,44,12
8,1500,archipelago,2,6,0,5,proxy,tech,64,-1,44,12
8,1500,archipelago,2,7,0,1,diag,good,79,1494,33,10
8,1500,archipelago,2,7,0,2,diag,tech,22,1454,33,10
8,1500,archipelago,2,7,0,3,diag,good,75,1482,33,10
8,1500,archipelago,2,7,0,4,proxy,good,108,-1,33,10
8,1500,archipelago,2,7,0,5,proxy,tech,64,-1,33,10
8,1500,archipelago,3,0,0,1,diag,good,79,1408,27,8
8,1500,archipelago,3,0,0,2,proxy,tech,47,-1,27,8
8,1500,archipelago,3,0,0,3,proxy,good,75,-1,27,8
8,1500,archipelago,3,0,0,4,proxy,good,108,-1,27,8
8,1500,archipelago,3,0,0,5,proxy,tech,64,-1,27,8
8,1500,archipelago,3,1,0,1,diag,good,79,1408,38,11
8,1500,archipelago,3,1,0,2,proxy,tech,47,-1,38,11
8,1500,archipelago,3,1,0,3,proxy,good,75,-1,38,11
8,1500,archipelago,3,1,0,4,proxy,good,108,-1,38,11
8,1500,archipelago,3,1,0,5,proxy,tech,64,-1,38,11
8,1500,archipelago,3,2,0,1,diag,good,79,1408,37,10
8,1500,archipelago,3,2,0,2,proxy,tech,47,-1,37,10
8,1500,archipelago,3,2,0,3,proxy,good,75,-1,37,10
8,1500,archipelago,3,2,0,4,proxy,good,108,-1,37,10
8,1500,archipelago,3,2,0,5,proxy,tech,64,-1,37,10
8,1500,archipelago,3,3,0,1,diag,good,79,1408,41,8
8,1500,archipelago,3,3,0,2,proxy,tech,47,-1,41,8
8,1500,archipelago,3,3,0,3,proxy,good,75,-1,41,8
8,1500,archipelago,3,3,0,4,proxy,good,108,-1,41,8
8,1500,archipelago,3,3,0,5,proxy,tech,64,-1,41,8
8,1500,archipelago,3,4,0,1,diag,good,79,1408,40,10
8,1500,archipelago,3,4,0,2,proxy,tech,47,-1,40,10
8,1500,archipelago,3,4,0,3,proxy,good,75,-1,40,10
8,1500,archipelago,3,4,0,4,proxy,good,108,-1,40,10
8,1500,archipelago,3,4,0,5,proxy,tech,64,-1,40,10
8,1500,archipelago,3,5,0,1,diag,good,79,1408,39,9
8,1500,archipelago,3,5,0,2,proxy,tech,47,-1,39,9
8,1500,archipelago,3,5,0,3,proxy,good,75,-1,39,9
8,1500,archipelago,3,5,0,4,proxy,good,108,-1,39,9
8,1500,archipelago,3,5,0,5,proxy,tech,64,-1,39,9
8,1500,archipelago,3,6,0,1,diag,good,79,1408,39,9
8,1500,archipelago,3,6,0,2,proxy,tech,47,-1,39,9
8,1500,archipelago,3,6,0,3,proxy,good,75,-1,39,9
8,1500,archipelago,3,6,0,4,proxy,good,108,-1,39,9
8,1500,archipelago,3,6,0,5,proxy,tech,64,-1,39,9
8,1500,archipelago,3,7,0,1,diag,good,79,1408,28,7
8,1500,archipelago,3,7,0,2,proxy,tech,47,-1,28,7
8,1500,archipelago,3,7,0,3,proxy,good,75,-1,28,7
8,1500,archipelago,3,7,0,4,proxy,good,108,-1,28,7
8,1500,archipelago,3,7,0,5,proxy,tech,64,-1,28,7
8,1500,archipelago,4,0,2,3,diag,good,75,1492,42,5
8,1500,archipelago,4,0,2,4,proxy,good,108,-1,42,5
8,1500,archipelago,4,0,2,5,proxy,tech,64,-1,42,5
8,1500,archipelago,4,1,2,3,diag,good,75,1492,49,9
8,1500,archipelago,4,1,2,4,proxy,good,108,-1,49,9
8,1500,archipelago,4,1,2,5,proxy,tech,64,-1,49,9
8,1500,archipelago,4,2,0,1,diag,good,79,1492,27,6
8,1500,archipelago,4,2,0,2,diag,good,3,1497,27,6
8,1500,archipelago,4,2,0,3,diag,good,75,1492,27,6
8,1500,archipelago,4,2,0,4,proxy,good,108,-1,27,6
8,1500,archipelago,4,2,0,5,proxy,tech,64,-1,27,6
8,1500,archipelago,4,3,1,2,diag,good,3,1497,49,7
8,1500,archipelago,4,3,1,3,diag,good,75,1492,49,7
8,1500,archipelago,4,3,1,4,proxy,good,108,-1,49,7
8,1500,archipelago,4,3,1,5,proxy,tech,64,-1,49,7
8,1500,archipelago,4,4,0,1,diag,good,79,1492,38,12
8,1500,archipelago,4,4,0,2,diag,good,3,1497,38,12
8,1500,archipelago,4,4,0,3,diag,good,75,1492,38,12
8,1500,archipelago,4,4,0,4,proxy,good,108,-1,38,12
8,1500,archipelago,4,4,0,5,proxy,tech,64,-1,38,12
8,1500,archipelago,4,5,1,2,diag,good,3,1497,48,10
8,1500,archipelago,4,5,1,3,diag,good,75,1492,48,10
8,1500,archipelago,4,5,1,4,proxy,good,108,-1,48,10
8,1500,archipelago,4,5,1,5,proxy,tech,64,-1,48,10
8,1500,archipelago,4,6,2,3,diag,good,75,1492,39,8
8,1500,archipelago,4,6,2,4,proxy,good,108,-1,39,8
8,1500,archipelago,4,6,2,5,proxy,tech,64,-1,39,8
8,1500,archipelago,4,7,2,3,diag,good,75,1492,42,10
8,1500,archipelago,4,7,2,4,proxy,good,108,-1,42,10
8,1500,archipelago,4,7,2,5,proxy,tech,64,-1,42,10
8,1500,archipelago,5,0,0,1,diag,good,79,1500,38,8
8,1500,archipelago,5,0,0,2,proxy,tech,47,-1,38,8
8,1500,archipelago,5,0,0,3,proxy,good,75,-1,38,8
8,1500,archipelago,5,0,0,4,proxy,good,108,-1,38,8
8,1500,archipelago,5,0,0,5,proxy,tech,64,-1,38,8
8,1500,archipelago,5,1,0,1,diag,good,79,1500,28,7
8,1500,archipelago,5,1,0,2,proxy,tech,47,-1,28,7
8,1500,archipelago,5,1,0,3,proxy,good,75,-1,28,7
8,1500,archipelago,5,1,0,4,proxy,good,108,-1,28,7
8,1500,archipelago,5,1,0,5,proxy,tech,64,-1,28,7
8,1500,archipelago,5,2,0,1,diag,good,79,1500,21,10
8,1500,archipelago,5,2,0,2,proxy,tech,47,-1,21,10
8,1500,archipelago,5,2,0,3,proxy,tech,23,-1,21,10
8,1500,archipelago,5,2,0,4,proxy,tech,27,-1,21,10
8,1500,archipelago,5,2,0,5,proxy,tech,64,-1,21,10
8,1500,archipelago,5,3,0,1,diag,good,79,1500,42,6
8,1500,archipelago,5,3,0,2,proxy,tech,47,-1,42,6
8,1500,archipelago,5,3,0,3,proxy,good,75,-1,42,6
8,1500,archipelago,5,3,0,4,proxy,good,108,-1,42,6
8,1500,archipelago,5,3,0,5,proxy,tech,64,-1,42,6
8,1500,archipelago,5,4,0,1,diag,good,79,1500,35,10
8,1500,archipelago,5,4,0,2,proxy,tech,47,-1,35,10
8,1500,archipelago,5,4,0,3,proxy,good,75,-1,35,10
8,1500,archipelago,5,4,0,4,proxy,good,108,-1,35,10
8,1500,archipelago,5,4,0,5,proxy,tech,64,-1,35,10
8,1500,archipelago,5,5,0,1,diag,good,79,1500,41,13
8,1500,archipelago,5,5,0,2,proxy,tech,47,-1,41,13
8,1500,archipelago,5,5,0,3,proxy,good,75,-1,41,13
8,1500,archipelago,5,5,0,4,proxy,good,108,-1,41,13
8,1500,archipelago,5,5,0,5,proxy,tech,64,-1,41,13
8,1500,archipelago,5,6,0,1,diag,good,79,1500,28,4
8,1500,archipelago,5,6,0,2,proxy,tech,47,-1,28,4
8,1500,archipelago,5,6,0,3,proxy,good,75,-1,28,4
8,1500,archipelago,5,6,0,4,proxy,good,108,-1,28,4
8,1500,archipelago,5,6,0,5,proxy,tech,64,-1,28,4
8,1500,archipelago,5,7,0,1,diag,good,79,1500,43,13
8,1500,archipelago,5,7,0,2,proxy,tech,47,-1,43,13
8,1500,archipelago,5,7,0,3,proxy,good,75,-1,43,13
8,1500,archipelago,5,7,0,4,proxy,good,108,-1,43,13
8,1500,archipelago,5,7,0,5,proxy,tech,64,-1,43,13
8,1500,continents,1,0,0,1,diag,good,79,1128,40,13
8,1500,continents,1,0,0,2,diag,good,3,1111,40,13
8,1500,continents,1,0,0,3,diag,good,75,1117,40,13
8,1500,continents,1,0,0,4,proxy,good,108,-1,40,13
8,1500,continents,1,0,0,5,proxy,tech,64,-1,40,13
8,1500,continents,1,1,2,3,diag,good,75,1117,32,11
8,1500,continents,1,1,2,4,proxy,good,108,-1,32,11
8,1500,continents,1,1,2,5,proxy,tech,64,-1,32,11
8,1500,continents,1,2,1,2,diag,good,3,1111,41,10
8,1500,continents,1,2,1,3,diag,good,75,1117,41,10
8,1500,continents,1,2,1,4,proxy,good,108,-1,41,10
8,1500,continents,1,2,1,5,proxy,tech,64,-1,41,10
8,1500,continents,1,3,0,1,diag,good,79,1128,43,8
8,1500,continents,1,3,0,2,diag,good,3,1111,43,8
8,1500,continents,1,3,0,3,diag,good,75,1117,43,8
8,1500,continents,1,3,0,4,proxy,good,108,-1,43,8
8,1500,continents,1,3,0,5,proxy,tech,64,-1,43,8
8,1500,continents,1,4,2,3,diag,good,75,1117,44,11
8,1500,continents,1,4,2,4,proxy,good,108,-1,44,11
8,1500,continents,1,4,2,5,proxy,tech,64,-1,44,11
8,1500,continents,1,5,2,3,diag,good,75,1117,41,16
8,1500,continents,1,5,2,4,proxy,good,108,-1,41,16
8,1500,continents,1,5,2,5,proxy,tech,64,-1,41,16
8,1500,continents,1,6,0,1,diag,good,79,1128,41,11
8,1500,continents,1,6,0,2,diag,good,3,1111,41,11
8,1500,continents,1,6,0,3,diag,good,75,1117,41,11
8,1500,continents,1,6,0,4,proxy,good,108,-1,41,11
8,1500,continents,1,6,0,5,proxy,tech,64,-1,41,11
8,1500,continents,1,7,0,1,diag,good,79,1128,40,7
8,1500,continents,1,7,0,2,diag,good,3,1111,40,7
8,1500,continents,1,7,0,3,diag,good,75,1117,40,7
8,1500,continents,1,7,0,4,proxy,good,108,-1,40,7
8,1500,continents,1,7,0,5,proxy,tech,64,-1,40,7
8,1500,continents,2,0,0,1,diag,good,79,1494,27,6
8,1500,continents,2,0,0,2,diag,good,3,1495,27,6
8,1500,continents,2,0,0,3,proxy,good,75,-1,27,6
8,1500,continents,2,0,0,4,proxy,good,108,-1,27,6
8,1500,continents,2,0,0,5,proxy,tech,64,-1,27,6
8,1500,continents,2,1,0,1,diag,good,79,1494,30,6
8,1500,continents,2,1,0,2,diag,good,3,1495,30,6
8,1500,continents,2,1,0,3,proxy,good,75,-1,30,6
8,1500,continents,2,1,0,4,proxy,good,108,-1,30,6
8,1500,continents,2,1,0,5,proxy,tech,64,-1,30,6
8,1500,continents,2,2,1,2,diag,good,3,1495,43,14
8,1500,continents,2,2,1,3,proxy,good,75,-1,43,14
8,1500,continents,2,2,1,4,proxy,good,108,-1,43,14
8,1500,continents,2,2,1,5,proxy,tech,64,-1,43,14
8,1500,continents,2,3,0,1,diag,good,79,1494,40,13
8,1500,continents,2,3,0,2,diag,good,3,1495,40,13
8,1500,continents,2,3,0,3,proxy,good,75,-1,40,13
8,1500,continents,2,3,0,4,proxy,good,108,-1,40,13
8,1500,continents,2,3,0,5,proxy,tech,64,-1,40,13
8,1500,continents,2,4,0,1,diag,good,79,1494,28,6
8,1500,continents,2,4,0,2,diag,good,3,1495,28,6
8,1500,continents,2,4,0,3,proxy,good,75,-1,28,6
8,1500,continents,2,4,0,4,proxy,good,108,-1,28,6
8,1500,continents,2,4,0,5,proxy,tech,64,-1,28,6
8,1500,continents,2,5,0,1,diag,good,79,1494,39,9
8,1500,continents,2,5,0,2,diag,good,3,1495,39,9
8,1500,continents,2,5,0,3,proxy,good,75,-1,39,9
8,1500,continents,2,5,0,4,proxy,good,108,-1,39,9
8,1500,continents,2,5,0,5,proxy,tech,64,-1,39,9
8,1500,continents,2,6,0,1,diag,good,79,1494,39,15
8,1500,continents,2,6,0,2,diag,good,3,1495,39,15
8,1500,continents,2,6,0,3,proxy,good,75,-1,39,15
8,1500,continents,2,6,0,4,proxy,good,108,-1,39,15
8,1500,continents,2,6,0,5,proxy,tech,64,-1,39,15
8,1500,continents,2,7,0,1,diag,good,79,1494,28,6
8,1500,continents,2,7,0,2,diag,good,3,1495,28,6
8,1500,continents,2,7,0,3,proxy,good,75,-1,28,6
8,1500,continents,2,7,0,4,proxy,good,108,-1,28,6
8,1500,continents,2,7,0,5,proxy,tech,64,-1,28,6
8,1500,continents,3,0,2,3,diag,good,75,1047,39,12
8,1500,continents,3,0,2,4,proxy,good,108,-1,39,12
8,1500,continents,3,0,2,5,proxy,tech,64,-1,39,12
8,1500,continents,3,1,0,1,diag,good,79,1040,35,16
8,1500,continents,3,1,0,2,diag,good,3,897,35,16
8,1500,continents,3,1,0,3,diag,good,75,1047,35,16
8,1500,continents,3,1,0,4,proxy,good,108,-1,35,16
8,1500,continents,3,1,0,5,proxy,tech,64,-1,35,16
8,1500,continents,3,2,0,1,diag,good,79,1040,44,7
8,1500,continents,3,2,0,2,diag,good,3,897,44,7
8,1500,continents,3,2,0,3,diag,good,75,1047,44,7
8,1500,continents,3,2,0,4,proxy,good,108,-1,44,7
8,1500,continents,3,2,0,5,proxy,tech,64,-1,44,7
8,1500,continents,3,3,2,3,diag,good,75,1047,43,15
8,1500,continents,3,3,2,4,proxy,good,108,-1,43,15
8,1500,continents,3,3,2,5,proxy,tech,64,-1,43,15
8,1500,continents,3,4,0,1,diag,good,79,1040,31,13
8,1500,continents,3,4,0,2,diag,good,3,897,31,13
8,1500,continents,3,4,0,3,diag,good,75,1047,31,13
8,1500,continents,3,4,0,4,proxy,good,108,-1,31,13
8,1500,continents,3,4,0,5,proxy,tech,64,-1,31,13
8,1500,continents,3,5,2,3,diag,good,75,1047,38,17
8,1500,continents,3,5,2,4,proxy,good,108,-1,38,17
8,1500,continents,3,5,2,5,proxy,tech,64,-1,38,17
8,1500,continents,3,6,2,3,diag,good,75,1047,52,13
8,1500,continents,3,6,2,4,proxy,good,108,-1,52,13
8,1500,continents,3,6,2,5,proxy,tech,64,-1,52,13
8,1500,continents,3,7,2,3,diag,good,75,1047,47,14
8,1500,continents,3,7,2,4,proxy,good,108,-1,47,14
8,1500,continents,3,7,2,5,proxy,tech,64,-1,47,14
8,1500,continents,4,0,0,1,diag,good,79,1136,41,10
8,1500,continents,4,0,0,2,proxy,tech,47,-1,41,10
8,1500,continents,4,0,0,3,proxy,good,75,-1,41,10
8,1500,continents,4,0,0,4,proxy,good,108,-1,41,10
8,1500,continents,4,0,0,5,proxy,tech,64,-1,41,10
8,1500,continents,4,1,0,1,diag,good,79,1136,43,10
8,1500,continents,4,1,0,2,proxy,tech,47,-1,43,10
8,1500,continents,4,1,0,3,proxy,good,75,-1,43,10
8,1500,continents,4,1,0,4,proxy,good,108,-1,43,10
8,1500,continents,4,1,0,5,proxy,tech,64,-1,43,10
8,1500,continents,4,2,0,1,diag,good,79,1136,40,10
8,1500,continents,4,2,0,2,proxy,tech,47,-1,40,10
8,1500,continents,4,2,0,3,proxy,good,75,-1,40,10
8,1500,continents,4,2,0,4,proxy,good,108,-1,40,10
8,1500,continents,4,2,0,5,proxy,tech,64,-1,40,10
8,1500,continents,4,3,0,1,diag,good,79,1136,42,6
8,1500,continents,4,3,0,2,proxy,tech,47,-1,42,6
8,1500,continents,4,3,0,3,proxy,good,75,-1,42,6
8,1500,continents,4,3,0,4,proxy,good,108,-1,42,6
8,1500,continents,4,3,0,5,proxy,tech,64,-1,42,6
8,1500,continents,4,4,0,1,diag,good,79,1136,20,7
8,1500,continents,4,4,0,2,proxy,tech,22,-1,20,7
8,1500,continents,4,4,0,3,proxy,tech,23,-1,20,7
8,1500,continents,4,4,0,4,proxy,tech,27,-1,20,7
8,1500,continents,4,4,0,5,proxy,tech,64,-1,20,7
8,1500,continents,4,5,0,1,diag,good,79,1136,37,9
8,1500,continents,4,5,0,2,proxy,tech,47,-1,37,9
8,1500,continents,4,5,0,3,proxy,good,75,-1,37,9
8,1500,continents,4,5,0,4,proxy,good,108,-1,37,9
8,1500,continents,4,5,0,5,proxy,tech,64,-1,37,9
8,1500,continents,4,6,0,1,diag,good,79,1136,33,6
8,1500,continents,4,6,0,2,proxy,tech,47,-1,33,6
8,1500,continents,4,6,0,3,proxy,good,75,-1,33,6
8,1500,continents,4,6,0,4,proxy,good,108,-1,33,6
8,1500,continents,4,6,0,5,proxy,tech,64,-1,33,6
8,1500,continents,4,7,0,1,diag,good,79,1136,33,11
8,1500,continents,4,7,0,2,proxy,tech,47,-1,33,11
8,1500,continents,4,7,0,3,proxy,good,75,-1,33,11
8,1500,continents,4,7,0,4,proxy,good,108,-1,33,11
8,1500,continents,4,7,0,5,proxy,tech,64,-1,33,11
8,1500,continents,5,0,0,1,diag,good,79,1050,22,7
8,1500,continents,5,0,0,2,diag,good,64,1001,22,7
8,1500,continents,5,0,0,3,proxy,good,75,-1,22,7
8,1500,continents,5,0,0,4,proxy,tech,27,-1,22,7
8,1500,continents,5,0,0,5,proxy,tech,64,-1,22,7
8,1500,continents,5,1,0,1,diag,good,79,1050,28,7
8,1500,continents,5,1,0,2,diag,good,64,1001,28,7
8,1500,continents,5,1,0,3,proxy,good,75,-1,28,7
8,1500,continents,5,1,0,4,proxy,good,108,-1,28,7
8,1500,continents,5,1,0,5,proxy,tech,64,-1,28,7
8,1500,continents,5,2,0,1,diag,good,79,1050,39,12
8,1500,continents,5,2,0,2,diag,good,64,1001,39,12
8,1500,continents,5,2,0,3,proxy,good,75,-1,39,12
8,1500,continents,5,2,0,4,proxy,good,108,-1,39,12
8,1500,continents,5,2,0,5,proxy,tech,64,-1,39,12
8,1500,continents,5,3,1,2,diag,good,64,1001,42,11
8,1500,continents,5,3,1,3,proxy,good,75,-1,42,11
8,1500,continents,5,3,1,4,proxy,good,108,-1,42,11
8,1500,continents,5,3,1,5,proxy,tech,64,-1,42,11
8,1500,continents,5,4,0,1,diag,good,79,1050,43,15
8,1500,continents,5,4,0,2,diag,good,64,1001,43,15
8,1500,continents,5,4,0,3,proxy,good,75,-1,43,15
8,1500,continents,5,4,0,4,proxy,good,108,-1,43,15
8,1500,continents,5,4,0,5,proxy,tech,64,-1,43,15
8,1500,continents,5,5,0,1,diag,good,79,1050,42,7
8,1500,continents,5,5,0,2,diag,good,64,1001,42,7
8,1500,continents,5,5,0,3,proxy,good,75,-1,42,7
8,1500,continents,5,5,0,4,proxy,good,108,-1,42,7
8,1500,continents,5,5,0,5,proxy,tech,64,-1,42,7
8,1500,continents,5,6,0,1,diag,good,79,1050,29,14
8,1500,continents,5,6,0,2,diag,good,64,1001,29,14
8,1500,continents,5,6,0,3,proxy,good,75,-1,29,14
8,1500,continents,5,6,0,4,proxy,good,108,-1,29,14
8,1500,continents,5,6,0,5,proxy,tech,64,-1,29,14
8,1500,continents,5,7,0,1,diag,good,79,1050,27,13
8,1500,continents,5,7,0,2,diag,good,64,1001,27,13
8,1500,continents,5,7,0,3,proxy,good,75,-1,27,13
8,1500,continents,5,7,0,4,proxy,good,108,-1,27,13
8,1500,continents,5,7,0,5,proxy,tech,64,-1,27,13
8,1500,islands,1,0,1,2,diag,good,64,1029,43,14
8,1500,islands,1,0,1,3,diag,good,75,1044,43,14
8,1500,islands,1,0,1,4,proxy,good,108,-1,43,14
8,1500,islands,1,0,1,5,proxy,tech,64,-1,43,14
8,1500,islands,1,1,2,3,diag,good,75,1044,41,10
8,1500,islands,1,1,2,4,proxy,good,108,-1,41,10
8,1500,islands,1,1,2,5,proxy,tech,64,-1,41,10
8,1500,islands,1,2,0,1,diag,good,79,1038,39,11
8,1500,islands,1,2,0,2,diag,good,64,1029,39,11
8,1500,islands,1,2,0,3,diag,good,75,1044,39,11
8,1500,islands,1,2,0,4,proxy,good,108,-1,39,11
8,1500,islands,1,2,0,5,proxy,tech,64,-1,39,11
8,1500,islands,1,3,0,1,diag,good,79,1038,39,11
8,1500,islands,1,3,0,2,diag,good,64,1029,39,11
8,1500,islands,1,3,0,3,diag,good,75,1044,39,11
8,1500,islands,1,3,0,4,proxy,good,108,-1,39,11
8,1500,islands,1,3,0,5,proxy,tech,64,-1,39,11
8,1500,islands,1,4,2,3,diag,good,75,1044,43,9
8,1500,islands,1,4,2,4,proxy,good,108,-1,43,9
8,1500,islands,1,4,2,5,proxy,tech,64,-1,43,9
8,1500,islands,1,5,2,3,diag,good,75,1044,27,12
8,1500,islands,1,5,2,4,proxy,good,108,-1,27,12
8,1500,islands,1,5,2,5,proxy,tech,64,-1,27,12
8,1500,islands,1,6,0,1,diag,good,79,1038,35,12
8,1500,islands,1,6,0,2,diag,good,64,1029,35,12
8,1500,islands,1,6,0,3,diag,good,75,1044,35,12
8,1500,islands,1,6,0,4,proxy,good,108,-1,35,12
8,1500,islands,1,6,0,5,proxy,tech,64,-1,35,12
8,1500,islands,1,7,2,3,diag,good,75,1044,39,8
8,1500,islands,1,7,2,4,proxy,good,108,-1,39,8
8,1500,islands,1,7,2,5,proxy,tech,64,-1,39,8
8,1500,islands,2,0,0,1,diag,good,79,1048,42,9
8,1500,islands,2,0,0,2,proxy,tech,47,-1,42,9
8,1500,islands,2,0,0,3,proxy,good,75,-1,42,9
8,1500,islands,2,0,0,4,proxy,good,108,-1,42,9
8,1500,islands,2,0,0,5,proxy,tech,64,-1,42,9
8,1500,islands,2,1,0,1,diag,good,79,1048,40,11
8,1500,islands,2,1,0,2,proxy,tech,47,-1,40,11
8,1500,islands,2,1,0,3,proxy,good,75,-1,40,11
8,1500,islands,2,1,0,4,proxy,good,108,-1,40,11
8,1500,islands,2,1,0,5,proxy,tech,64,-1,40,11
8,1500,islands,2,2,0,1,diag,good,79,1048,31,10
8,1500,islands,2,2,0,2,proxy,tech,47,-1,31,10
8,1500,islands,2,2,0,3,proxy,good,75,-1,31,10
8,1500,islands,2,2,0,4,proxy,good,108,-1,31,10
8,1500,islands,2,2,0,5,proxy,tech,64,-1,31,10
8,1500,islands,2,3,0,1,diag,good,79,1048,40,8
8,1500,islands,2,3,0,2,proxy,tech,47,-1,40,8
8,1500,islands,2,3,0,3,proxy,good,75,-1,40,8
8,1500,islands,2,3,0,4,proxy,good,108,-1,40,8
8,1500,islands,2,3,0,5,proxy,tech,64,-1,40,8
8,1500,islands,2,4,0,1,diag,good,79,1048,23,6
8,1500,islands,2,4,0,2,proxy,tech,47,-1,23,6
8,1500,islands,2,4,0,3,proxy,good,75,-1,23,6
8,1500,islands,2,4,0,4,proxy,tech,27,-1,23,6
8,1500,islands,2,4,0,5,proxy,tech,64,-1,23,6
8,1500,islands,2,5,0,1,diag,good,79,1048,39,13
8,1500,islands,2,5,0,2,proxy,tech,47,-1,39,13
8,1500,islands,2,5,0,3,proxy,good,75,-1,39,13
8,1500,islands,2,5,0,4,proxy,good,108,-1,39,13
8,1500,islands,2,5,0,5,proxy,tech,64,-1,39,13
8,1500,islands,2,6,0,1,diag,good,79,1048,36,13
8,1500,islands,2,6,0,2,proxy,tech,47,-1,36,13
8,1500,islands,2,6,0,3,proxy,good,75,-1,36,13
8,1500,islands,2,6,0,4,proxy,good,108,-1,36,13
8,1500,islands,2,6,0,5,proxy,tech,64,-1,36,13
8,1500,islands,2,7,0,1,diag,good,79,1048,36,10
8,1500,islands,2,7,0,2,proxy,tech,47,-1,36,10
8,1500,islands,2,7,0,3,proxy,good,75,-1,36,10
8,1500,islands,2,7,0,4,proxy,good,108,-1,36,10
8,1500,islands,2,7,0,5,proxy,tech,64,-1,36,10
8,1500,islands,3,0,0,1,diag,good,79,1493,39,9
8,1500,islands,3,0,0,2,diag,good,3,1498,39,9
8,1500,islands,3,0,0,3,proxy,good,75,-1,39,9
8,1500,islands,3,0,0,4,proxy,good,108,-1,39,9
8,1500,islands,3,0,0,5,proxy,tech,64,-1,39,9
8,1500,islands,3,1,1,2,diag,good,3,1498,36,18
8,1500,islands,3,1,1,3,proxy,good,75,-1,36,18
8,1500,islands,3,1,1,4,proxy,good,108,-1,36,18
8,1500,islands,3,1,1,5,proxy,tech,64,-1,36,18
8,1500,islands,3,2,0,1,diag,good,79,1493,27,9
8,1500,islands,3,2,0,2,diag,good,3,1498,27,9
8,1500,islands,3,2,0,3,proxy,good,75,-1,27,9
8,1500,islands,3,2,0,4,proxy,good,108,-1,27,9
8,1500,islands,3,2,0,5,proxy,tech,64,-1,27,9
8,1500,islands,3,3,1,2,diag,good,3,1498,42,9
8,1500,islands,3,3,1,3,proxy,good,75,-1,42,9
8,1500,islands,3,3,1,4,proxy,good,108,-1,42,9
8,1500,islands,3,3,1,5,proxy,tech,64,-1,42,9
8,1500,islands,3,4,0,1,diag,good,79,1493,23,15
8,1500,islands,3,4,0,2,diag,good,3,1498,23,15
8,1500,islands,3,4,0,3,proxy,good,75,-1,23,15
8,1500,islands,3,4,0,4,proxy,tech,27,-1,23,15
8,1500,islands,3,4,0,5,proxy,tech,64,-1,23,15
8,1500,islands,3,5,0,1,diag,good,79,1493,42,7
8,1500,islands,3,5,0,2,diag,good,3,1498,42,7
8,1500,islands,3,5,0,3,proxy,good,75,-1,42,7
8,1500,islands,3,5,0,4,proxy,good,108,-1,42,7
8,1500,islands,3,5,0,5,proxy,tech,64,-1,42,7
8,1500,islands,3,6,0,1,diag,good,79,1493,42,6
8,1500,islands,3,6,0,2,diag,good,3,1498,42,6
8,1500,islands,3,6,0,3,proxy,good,75,-1,42,6
8,1500,islands,3,6,0,4,proxy,good,108,-1,42,6
8,1500,islands,3,6,0,5,proxy,tech,64,-1,42,6
8,1500,islands,3,7,1,2,diag,good,3,1498,40,11
8,1500,islands,3,7,1,3,proxy,good,75,-1,40,11
8,1500,islands,3,7,1,4,proxy,good,108,-1,40,11
8,1500,islands,3,7,1,5,proxy,tech,64,-1,40,11
8,1500,islands,4,0,0,1,diag,good,79,1499,49,10
8,1500,islands,4,0,0,2,diag,good,64,1460,49,10
8,1500,islands,4,0,0,3,proxy,good,75,-1,49,10
8,1500,islands,4,0,0,4,proxy,good,108,-1,49,10
8,1500,islands,4,0,0,5,proxy,tech,64,-1,49,10
8,1500,islands,4,1,0,1,diag,good,79,1499,40,11
8,1500,islands,4,1,0,2,diag,good,64,1460,40,11
8,1500,islands,4,1,0,3,proxy,good,75,-1,40,11
8,1500,islands,4,1,0,4,proxy,good,108,-1,40,11
8,1500,islands,4,1,0,5,proxy,tech,64,-1,40,11
8,1500,islands,4,2,1,2,diag,good,64,1460,29,9
8,1500,islands,4,2,1,3,proxy,good,75,-1,29,9
8,1500,islands,4,2,1,4,proxy,good,108,-1,29,9
8,1500,islands,4,2,1,5,proxy,tech,64,-1,29,9
8,1500,islands,4,3,0,1,diag,good,79,1499,31,9
8,1500,islands,4,3,0,2,diag,good,64,1460,31,9
8,1500,islands,4,3,0,3,proxy,good,75,-1,31,9
8,1500,islands,4,3,0,4,proxy,good,108,-1,31,9
8,1500,islands,4,3,0,5,proxy,tech,64,-1,31,9
8,1500,islands,4,4,1,2,diag,good,64,1460,45,6
8,1500,islands,4,4,1,3,proxy,good,75,-1,45,6
8,1500,islands,4,4,1,4,proxy,good,108,-1,45,6
8,1500,islands,4,4,1,5,proxy,tech,64,-1,45,6
8,1500,islands,4,5,0,1,diag,good,79,1499,45,9
8,1500,islands,4,5,0,2,diag,good,64,1460,45,9
8,1500,islands,4,5,0,3,proxy,good,75,-1,45,9
8,1500,islands,4,5,0,4,proxy,good,108,-1,45,9
8,1500,islands,4,5,0,5,proxy,tech,64,-1,45,9
8,1500,islands,4,6,0,1,diag,good,79,1499,46,13
8,1500,islands,4,6,0,2,diag,good,64,1460,46,13
8,1500,islands,4,6,0,3,proxy,good,75,-1,46,13
8,1500,islands,4,6,0,4,proxy,good,108,-1,46,13
8,1500,islands,4,6,0,5,proxy,tech,64,-1,46,13
8,1500,islands,4,7,0,1,diag,good,79,1499,46,19
8,1500,islands,4,7,0,2,diag,good,64,1460,46,19
8,1500,islands,4,7,0,3,proxy,good,75,-1,46,19
8,1500,islands,4,7,0,4,proxy,good,108,-1,46,19
8,1500,islands,4,7,0,5,proxy,tech,64,-1,46,19
8,1500,islands,5,0,2,3,diag,good,75,1045,41,8
8,1500,islands,5,0,2,4,proxy,good,108,-1,41,8
8,1500,islands,5,0,2,5,proxy,tech,64,-1,41,8
8,1500,islands,5,1,2,3,diag,good,75,1045,43,14
8,1500,islands,5,1,2,4,proxy,good,108,-1,43,14
8,1500,islands,5,1,2,5,proxy,tech,64,-1,43,14
8,1500,islands,5,2,1,2,diag,good,64,1011,48,10
8,1500,islands,5,2,1,3,diag,good,75,1045,48,10
8,1500,islands,5,2,1,4,proxy,good,108,-1,48,10
8,1500,islands,5,2,1,5,proxy,tech,64,-1,48,10
8,1500,islands,5,3,1,2,diag,good,64,1011,46,20
8,1500,islands,5,3,1,3,diag,good,75,1045,46,20
8,1500,islands,5,3,1,4,proxy,good,108,-1,46,20
8,1500,islands,5,3,1,5,proxy,tech,64,-1,46,20
8,1500,islands,5,4,0,1,diag,good,79,1022,44,9
8,1500,islands,5,4,0,2,diag,good,64,1011,44,9
8,1500,islands,5,4,0,3,diag,good,75,1045,44,9
8,1500,islands,5,4,0,4,proxy,good,108,-1,44,9
8,1500,islands,5,4,0,5,proxy,tech,64,-1,44,9
8,1500,islands,5,5,0,1,diag,good,79,1022,36,15
8,1500,islands,5,5,0,2,diag,good,64,1011,36,15
8,1500,islands,5,5,0,3,diag,good,75,1045,36,15
8,1500,islands,5,5,0,4,proxy,good,108,-1,36,15
8,1500,islands,5,5,0,5,proxy,tech,64,-1,36,15
8,1500,islands,5,6,2,3,diag,good,75,1045,43,11
8,1500,islands,5,6,2,4,proxy,good,108,-1,43,11
8,1500,islands,5,6,2,5,proxy,tech,64,-1,43,11
8,1500,islands,5,7,2,3,diag,good,75,1045,44,12
8,1500,islands,5,7,2,4,proxy,good,108,-1,44,12
8,1500,islands,5,7,2,5,proxy,tech,64,-1,44,12
8,1500,pangaea,1,0,0,1,diag,good,79,1188,22,2
8,1500,pangaea,1,0,0,2,diag,good,3,1169,22,2
8,1500,pangaea,1,0,0,3,proxy,good,75,-1,22,2
8,1500,pangaea,1,0,0,4,proxy,tech,27,-1,22,2
8,1500,pangaea,1,0,0,5,proxy,tech,64,-1,22,2
8,1500,pangaea,1,1,1,2,diag,good,3,1169,37,13
8,1500,pangaea,1,1,1,3,proxy,good,75,-1,37,13
8,1500,pangaea,1,1,1,4,proxy,good,108,-1,37,13
8,1500,pangaea,1,1,1,5,proxy,tech,64,-1,37,13
8,1500,pangaea,1,2,0,1,diag,good,79,1188,35,11
8,1500,pangaea,1,2,0,2,diag,good,3,1169,35,11
8,1500,pangaea,1,2,0,3,proxy,good,75,-1,35,11
8,1500,pangaea,1,2,0,4,proxy,good,108,-1,35,11
8,1500,pangaea,1,2,0,5,proxy,tech,64,-1,35,11
8,1500,pangaea,1,3,0,1,diag,good,79,1188,36,9
8,1500,pangaea,1,3,0,2,diag,good,3,1169,36,9
8,1500,pangaea,1,3,0,3,proxy,good,75,-1,36,9
8,1500,pangaea,1,3,0,4,proxy,good,108,-1,36,9
8,1500,pangaea,1,3,0,5,proxy,tech,64,-1,36,9
8,1500,pangaea,1,4,0,1,diag,good,79,1188,38,7
8,1500,pangaea,1,4,0,2,diag,good,3,1169,38,7
8,1500,pangaea,1,4,0,3,proxy,good,75,-1,38,7
8,1500,pangaea,1,4,0,4,proxy,good,108,-1,38,7
8,1500,pangaea,1,4,0,5,proxy,tech,64,-1,38,7
8,1500,pangaea,1,5,0,1,diag,good,79,1188,26,10
8,1500,pangaea,1,5,0,2,diag,good,3,1169,26,10
8,1500,pangaea,1,5,0,3,proxy,good,75,-1,26,10
8,1500,pangaea,1,5,0,4,proxy,good,108,-1,26,10
8,1500,pangaea,1,5,0,5,proxy,tech,64,-1,26,10
8,1500,pangaea,1,6,0,1,diag,good,79,1188,38,10
8,1500,pangaea,1,6,0,2,diag,good,3,1169,38,10
8,1500,pangaea,1,6,0,3,proxy,good,75,-1,38,10
8,1500,pangaea,1,6,0,4,proxy,good,108,-1,38,10
8,1500,pangaea,1,6,0,5,proxy,tech,64,-1,38,10
8,1500,pangaea,1,7,0,1,diag,good,79,1188,39,11
8,1500,pangaea,1,7,0,2,diag,good,3,1169,39,11
8,1500,pangaea,1,7,0,3,proxy,good,75,-1,39,11
8,1500,pangaea,1,7,0,4,proxy,good,108,-1,39,11
8,1500,pangaea,1,7,0,5,proxy,tech,64,-1,39,11
8,1500,pangaea,2,0,0,1,diag,good,79,1048,23,7
8,1500,pangaea,2,0,0,2,diag,good,64,1043,23,7
8,1500,pangaea,2,0,0,3,proxy,good,75,-1,23,7
8,1500,pangaea,2,0,0,4,proxy,tech,27,-1,23,7
8,1500,pangaea,2,0,0,5,proxy,tech,64,-1,23,7
8,1500,pangaea,2,1,0,1,diag,good,79,1048,39,6
8,1500,pangaea,2,1,0,2,diag,good,64,1043,39,6
8,1500,pangaea,2,1,0,3,proxy,good,75,-1,39,6
8,1500,pangaea,2,1,0,4,proxy,good,108,-1,39,6
8,1500,pangaea,2,1,0,5,proxy,tech,64,-1,39,6
8,1500,pangaea,2,2,0,1,diag,good,79,1048,22,12
8,1500,pangaea,2,2,0,2,diag,good,64,1043,22,12
8,1500,pangaea,2,2,0,3,proxy,good,75,-1,22,12
8,1500,pangaea,2,2,0,4,proxy,tech,27,-1,22,12
8,1500,pangaea,2,2,0,5,proxy,tech,64,-1,22,12
8,1500,pangaea,2,3,0,1,diag,good,79,1048,44,8
8,1500,pangaea,2,3,0,2,diag,good,64,1043,44,8
8,1500,pangaea,2,3,0,3,proxy,good,75,-1,44,8
8,1500,pangaea,2,3,0,4,proxy,good,108,-1,44,8
8,1500,pangaea,2,3,0,5,proxy,tech,64,-1,44,8
8,1500,pangaea,2,4,0,1,diag,good,79,1048,21,8
8,1500,pangaea,2,4,0,2,diag,good,64,1043,21,8
8,1500,pangaea,2,4,0,3,proxy,tech,23,-1,21,8
8,1500,pangaea,2,4,0,4,proxy,tech,27,-1,21,8
8,1500,pangaea,2,4,0,5,proxy,tech,64,-1,21,8
8,1500,pangaea,2,5,0,1,diag,good,79,1048,42,6
8,1500,pangaea,2,5,0,2,diag,good,64,1043,42,6
8,1500,pangaea,2,5,0,3,proxy,good,75,-1,42,6
8,1500,pangaea,2,5,0,4,proxy,good,108,-1,42,6
8,1500,pangaea,2,5,0,5,proxy,tech,64,-1,42,6
8,1500,pangaea,2,6,1,2,diag,good,64,1043,40,8
8,1500,pangaea,2,6,1,3,proxy,good,75,-1,40,8
8,1500,pangaea,2,6,1,4,proxy,good,108,-1,40,8
8,1500,pangaea,2,6,1,5,proxy,tech,64,-1,40,8
8,1500,pangaea,2,7,0,1,diag,good,79,1048,42,9
8,1500,pangaea,2,7,0,2,diag,good,64,1043,42,9
8,1500,pangaea,2,7,0,3,proxy,good,75,-1,42,9
8,1500,pangaea,2,7,0,4,proxy,good,108,-1,42,9
8,1500,pangaea,2,7,0,5,proxy,tech,64,-1,42,9
8,1500,pangaea,3,0,1,2,diag,good,3,1047,44,7
8,1500,pangaea,3,0,1,3,diag,good,75,1021,44,7
8,1500,pangaea,3,0,1,4,proxy,good,108,-1,44,7
8,1500,pangaea,3,0,1,5,proxy,tech,64,-1,44,7
8,1500,pangaea,3,1,0,1,diag,good,79,1046,40,10
8,1500,pangaea,3,1,0,2,diag,good,3,1047,40,10
8,1500,pangaea,3,1,0,3,diag,good,75,1021,40,10
8,1500,pangaea,3,1,0,4,proxy,good,108,-1,40,10
8,1500,pangaea,3,1,0,5,proxy,tech,64,-1,40,10
8,1500,pangaea,3,2,1,2,diag,good,3,1047,48,8
8,1500,pangaea,3,2,1,3,diag,good,75,1021,48,8
8,1500,pangaea,3,2,1,4,proxy,good,108,-1,48,8
8,1500,pangaea,3,2,1,5,proxy,tech,64,-1,48,8
8,1500,pangaea,3,3,0,1,diag,good,79,1046,47,10
8,1500,pangaea,3,3,0,2,diag,good,3,1047,47,10
8,1500,pangaea,3,3,0,3,diag,good,75,1021,47,10
8,1500,pangaea,3,3,0,4,proxy,good,108,-1,47,10
8,1500,pangaea,3,3,0,5,proxy,tech,64,-1,47,10
8,1500,pangaea,3,4,2,3,diag,good,75,1021,46,10
8,1500,pangaea,3,4,2,4,proxy,good,108,-1,46,10
8,1500,pangaea,3,4,2,5,proxy,tech,64,-1,46,10
8,1500,pangaea,3,5,0,1,diag,good,79,1046,44,9
8,1500,pangaea,3,5,0,2,diag,good,3,1047,44,9
8,1500,pangaea,3,5,0,3,diag,good,75,1021,44,9
8,1500,pangaea,3,5,0,4,proxy,good,108,-1,44,9
8,1500,pangaea,3,5,0,5,proxy,tech,64,-1,44,9
8,1500,pangaea,3,6,1,2,diag,good,3,1047,37,10
8,1500,pangaea,3,6,1,3,diag,good,75,1021,37,10
8,1500,pangaea,3,6,1,4,proxy,good,108,-1,37,10
8,1500,pangaea,3,6,1,5,proxy,tech,64,-1,37,10
8,1500,pangaea,3,7,2,3,diag,good,75,1021,31,9
8,1500,pangaea,3,7,2,4,proxy,good,108,-1,31,9
8,1500,pangaea,3,7,2,5,proxy,tech,64,-1,31,9
8,1500,pangaea,4,0,1,2,diag,good,64,1468,40,11
8,1500,pangaea,4,0,1,3,diag,good,75,1462,40,11
8,1500,pangaea,4,0,1,4,proxy,good,108,-1,40,11
8,1500,pangaea,4,0,1,5,proxy,tech,64,-1,40,11
8,1500,pangaea,4,1,1,2,diag,good,64,1468,24,9
8,1500,pangaea,4,1,1,3,diag,good,75,1462,24,9
8,1500,pangaea,4,1,1,4,proxy,tech,27,-1,24,9
8,1500,pangaea,4,1,1,5,proxy,tech,64,-1,24,9
8,1500,pangaea,4,2,0,1,diag,good,79,1486,41,9
8,1500,pangaea,4,2,0,2,diag,good,64,1468,41,9
8,1500,pangaea,4,2,0,3,diag,good,75,1462,41,9
8,1500,pangaea,4,2,0,4,proxy,good,108,-1,41,9
8,1500,pangaea,4,2,0,5,proxy,tech,64,-1,41,9
8,1500,pangaea,4,3,2,3,diag,good,75,1462,44,13
8,1500,pangaea,4,3,2,4,proxy,good,108,-1,44,13
8,1500,pangaea,4,3,2,5,proxy,tech,64,-1,44,13
8,1500,pangaea,4,4,0,1,diag,good,79,1486,27,6
8,1500,pangaea,4,4,0,2,diag,good,64,1468,27,6
8,1500,pangaea,4,4,0,3,diag,good,75,1462,27,6
8,1500,pangaea,4,4,0,4,proxy,good,108,-1,27,6
8,1500,pangaea,4,4,0,5,proxy,tech,64,-1,27,6
8,1500,pangaea,4,5,1,2,diag,good,64,1468,24,7
8,1500,pangaea,4,5,1,3,diag,good,75,1462,24,7
8,1500,pangaea,4,5,1,4,proxy,tech,27,-1,24,7
8,1500,pangaea,4,5,1,5,proxy,tech,64,-1,24,7
8,1500,pangaea,4,6,0,1,diag,good,79,1486,44,6
8,1500,pangaea,4,6,0,2,diag,good,64,1468,44,6
8,1500,pangaea,4,6,0,3,diag,good,75,1462,44,6
8,1500,pangaea,4,6,0,4,proxy,good,108,-1,44,6
8,1500,pangaea,4,6,0,5,proxy,tech,64,-1,44,6
8,1500,pangaea,4,7,0,1,diag,good,79,1486,39,16
8,1500,pangaea,4,7,0,2,diag,good,64,1468,39,16
8,1500,pangaea,4,7,0,3,diag,good,75,1462,39,16
8,1500,pangaea,4,7,0,4,proxy,good,108,-1,39,16
8,1500,pangaea,4,7,0,5,proxy,tech,64,-1,39,16
8,1500,pangaea,5,0,0,1,diag,good,79,1048,43,7
8,1500,pangaea,5,0,0,2,diag,good,64,1027,43,7
8,1500,pangaea,5,0,0,3,proxy,good,75,-1,43,7
8,1500,pangaea,5,0,0,4,proxy,good,108,-1,43,7
8,1500,pangaea,5,0,0,5,proxy,tech,64,-1,43,7
8,1500,pangaea,5,1,0,1,diag,good,79,1048,23,8
8,1500,pangaea,5,1,0,2,diag,good,64,1027,23,8
8,1500,pangaea,5,1,0,3,proxy,good,75,-1,23,8
8,1500,pangaea,5,1,0,4,proxy,tech,27,-1,23,8
8,1500,pangaea,5,1,0,5,proxy,tech,64,-1,23,8
8,1500,pangaea,5,2,1,2,diag,good,64,1027,49,7
8,1500,pangaea,5,2,1,3,proxy,good,75,-1,49,7
8,1500,pangaea,5,2,1,4,proxy,good,108,-1,49,7
8,1500,pangaea,5,2,1,5,proxy,tech,64,-1,49,7
8,1500,pangaea,5,3,0,1,diag,good,79,1048,37,10
8,1500,pangaea,5,3,0,2,diag,good,64,1027,37,10
8,1500,pangaea,5,3,0,3,proxy,good,75,-1,37,10
8,1500,pangaea,5,3,0,4,proxy,good,108,-1,37,10
8,1500,pangaea,5,3,0,5,proxy,tech,64,-1,37,10
8,1500,pangaea,5,4,0,1,diag,good,79,1048,25,7
8,1500,pangaea,5,4,0,2,diag,good,64,1027,25,7
8,1500,pangaea,5,4,0,3,proxy,good,75,-1,25,7
8,1500,pangaea,5,4,0,4,proxy,tech,27,-1,25,7
8,1500,pangaea,5,4,0,5,proxy,tech,64,-1,25,7
8,1500,pangaea,5,5,0,1,diag,good,79,1048,39,12
8,1500,pangaea,5,5,0,2,diag,good,64,1027,39,12
8,1500,pangaea,5,5,0,3,proxy,good,75,-1,39,12
8,1500,pangaea,5,5,0,4,proxy,good,108,-1,39,12
8,1500,pangaea,5,5,0,5,proxy,tech,64,-1,39,12
8,1500,pangaea,5,6,0,1,diag,good,79,1048,39,10
8,1500,pangaea,5,6,0,2,diag,good,64,1027,39,10
8,1500,pangaea,5,6,0,3,proxy,good,75,-1,39,10
8,1500,pangaea,5,6,0,4,proxy,good,108,-1,39,10
8,1500,pangaea,5,6,0,5,proxy,tech,64,-1,39,10
8,1500,pangaea,5,7,0,1,diag,good,79,1048,26,12
8,1500,pangaea,5,7,0,2,diag,good,64,1027,26,12
8,1500,pangaea,5,7,0,3,proxy,good,75,-1,26,12
8,1500,pangaea,5,7,0,4,proxy,good,108,-1,26,12
8,1500,pangaea,5,7,0,5,proxy,tech,64,-1,26,12
